{
    "$schema": "http://json-schema.org/draft-04/schema#",
    "type": "object",
    "properties": {
      "data": {
        "type": "object",
        "properties": {
          "messageProfile": {
            "type": "object",
            "properties": {
              "phoneNumber": {
                "type": "string"
              },
              "otpCode": {
                "type": "string"
              }
            },
            "required": [
              "phoneNumber",
              "otpCode"
            ]
          }
        },
        "required": [
          "messageProfile"
        ]
      }
    },
    "required": [
      "data"
    ]
  }